contentid,title,contenttypeid,areacode,sigungucode,cat1,cat2,cat3,mapx,mapy,addr1,lDongRegnCd,lDongSignguCd
2735607,금란정,12,32,3,A02,A0201,A02010700,129.0213282758,37.4638515626,강원특별자치도 동해시 삼화동,51,170
2704788,소이산,12,32,12,A01,A0101,A01010400,127.1884152382,38.2546583535,강원특별자치도 철원군 철원읍 사요리,51,780
126777,초도해변,12,32,2,A01,A0101,A01011200,128.4315053296,38.4897099352,강원특별자치도 고성군 현내면 초도항길,51,820
2569384,두타연 평화누리길,12,32,6,A02,A0201,A02011000,127.9835710384,38.2269042350,강원특별자치도 양구군 방산면,51,800
2710638,설해원,12,32,7,A02,A0202,A02020200,128.6622951259,38.0562399281,강원특별자치도 양양군 손양면 공항로 230,51,830
126714,한화리조트 설악 워터피아,12,32,5,A02,A0202,A02020600,128.5287330073,38.2101972051,강원특별자치도 속초시 미시령로2983번길 111 (장사동),51,210
125591,오대산국립공원,12,32,15,A01,A0101,A01010100,128.6021975495,37.7029269542,강원특별자치도 평창군 진부면 오대산로 2,51,760
136088,신세계센트럴시티 영랑호리조트,12,32,5,A02,A0202,A02020200,128.5774062562,38.2136005323,강원특별자치도 속초시 영랑호반길 170 (금호동),51,210
2993377,행복&피크닉,12,32,9,A02,A0203,A02030400,127.9009945067,37.3177165742,강원특별자치도 원주시 복거리길 40,51,130
125590,태백산 국립공원,12,32,14,A01,A0101,A01010100,128.9882796730,37.1493704243,강원특별자치도 태백시 번영로 59 (황지동),51,190
2798965,고랭길,12,32,15,A01,A0101,A01010500,128.3362530327,37.5802666171,강원특별자치도 평창군 봉평면 태기로 254-1,51,760
2798876,[효석문학100리길 5-1코스] 마을길따라 노산가는 길,12,32,15,A02,A0203,A02030100,128.3883125413,37.3838430756,강원특별자치도 평창군 평창읍 후평길 124,51,760
1857095,강원 영월 김삿갓면 [슬로시티],12,32,8,A02,A0201,A02010600,128.5698983480,37.1256151474,강원특별자치도 영월군 김삿갓면 옥동장터길 36,51,750
125713,망상해변,12,32,3,A01,A0101,A01011200,129.0896709728,37.5922686461,강원특별자치도 동해시 동해대로 6270-10,51,170
129006,섬강(섬강유원지),12,32,18,A01,A0101,A01011800,127.9753160896,37.4900397022,강원특별자치도 횡성군 횡성읍 문예로 75,51,730
125735,강재구공원,12,32,16,A02,A0202,A02020700,127.8684937219,37.7285545094,강원특별자치도 홍천군 북방면 성동로 275,51,720
125745,홍천강,12,32,16,A01,A0101,A01011800,127.7131451142,37.6885868106,강원특별자치도 홍천군 서면 팔봉강변길,51,720
129386,삼척 가시오가피마을,12,32,4,A02,A0203,A02030100,129.1792785089,37.2665995552,강원특별자치도 삼척시 노곡면 문의재로 2470,51,230
987582,속초항,12,32,5,A01,A0101,A01011400,128.5941826553,38.2089236252,강원특별자치도 속초시 동명동 속초항,51,210
585615,도직해변,12,32,1,A01,A0101,A01011200,129.0676585323,37.6093412454,강원특별자치도 강릉시 옥계면 도직리,51,150
250380,양양 진전사지 도의선사탑,12,32,7,A02,A0205,A02050200,128.5455230782,38.1232243188,강원특별자치도 양양군 강현면 화채봉길 368,51,830
127827,덕가산,12,32,8,A01,A0101,A01010400,128.5611214679,37.1218515249,강원특별자치도 영월군 김삿갓면 영월동로 1547,51,750
126778,대진1리해변,12,32,2,A01,A0101,A01011200,128.4236806136,38.5033887400,강원특별자치도 고성군 현내면 한나루로4길 1,51,820
125718,노봉해변,12,32,3,A01,A0101,A01011200,129.1014311557,37.5881665717,강원특별자치도 동해시 망상동,51,170
125595,청옥산(평창),12,32,15,A01,A0101,A01010400,128.5076704504,37.4106200313,강원특별자치도 평창군 미탄면 백운리,51,760
2814180,속초해수욕장 대관람차(속초아이),12,32,5,A02,A0203,A02030400,128.6027491115,38.1907759041,강원특별자치도 속초시 청호해안길 2,51,210
2814485,원주 소금산 울렁다리,12,32,9,A02,A0203,A02030400,127.8216364054,37.3651151824,강원특별자치도 원주시 지정면 소금산길 165-1,51,130
2616559,화천 백립암복합체 (강원평화지역 국가지질공원),12,32,17,A01,A0101,A01010500,127.8219314688,38.1865586624,강원특별자치도 화천군 화천읍 동촌리,51,790
128752,요선정·요선암,12,32,8,A02,A0201,A02010700,128.2619792382,37.2976367451,강원특별자치도 영월군 무릉도원면 도원운학로 13-39,51,750
2616104,요선암 돌개구멍 (강원고생대 국가지질공원),12,32,8,A01,A0101,A01010500,128.2618959214,37.2973367787,강원특별자치도 영월군 무릉도원면 도원운학로 13-39,51,750
127873,백도해변,12,32,2,A01,A0101,A01011200,128.5468480485,38.2983733969,강원특별자치도 고성군 죽왕면 백도해변길 78,51,820
125688,한재밑해변,12,32,4,A01,A0101,A01011200,129.2050024313,37.4080671263,강원특별자치도 삼척시 근덕면,51,230
251738,아바이마을,12,32,5,A02,A0203,A02030100,128.5949161776,38.2007412589,강원특별자치도 속초시 청호로 122-1,51,210
3041283,동명항 포장마차 거리,12,32,5,A02,A0203,A02030600,128.5973766236,38.2148757724,강원특별자치도 속초시 영랑해안1길 13 (영랑동),51,210
2994116,가곡유황온천&스파,12,32,4,A02,A0202,A02020300,129.2064490523,37.1509022547,강원특별자치도 삼척시 가곡면 가곡천로 1510,51,230
2988365,바람마을 치즈체험장,12,32,15,A02,A0203,A02030100,128.7132824331,37.6880197102,강원특별자치도 평창군 대관령면 꽃밭양지길 174,51,760
2514834,"죽정분교(구,죽정초등학교)",12,32,2,A02,A0203,A02030400,128.4197681178,38.4704730657,강원특별자치도 고성군 현내면 모정2길 2,51,820
1993698,삼척 맹방유채꽃 마을,12,32,4,A02,A0203,A02030100,129.2118103797,37.4007736537,강원특별자치도 삼척시 근덕면 삼척로 3916-112,51,230
129259,태종대(횡성),12,32,18,A02,A0201,A02010700,128.1091803059,37.3513443471,강원특별자치도 횡성군 강림면 태종로 287,51,730
137809,한화리조트 설악,12,32,5,A02,A0202,A02020200,128.5288163471,38.2097417044,강원특별자치도 속초시 미시령로2983번길 111,51,210
2704983,홍천동키마을,12,32,16,A02,A0203,A02030100,127.9579710653,37.7504147597,강원특별자치도 홍천군 화촌면 구룡령로 149,51,720
2713569,원주옻칠기공예관,12,32,9,A02,A0203,A02030200,128.0561912050,37.4266374350,강원특별자치도 원주시 소초면 구룡사로 142,51,130
2702483,비두리 귀부 및 이수,12,32,9,A02,A0201,A02010700,127.8351939150,37.2554364367,강원특별자치도 원주시 문막읍 귀문로 1008,51,130
128288,명주사(양양),12,32,7,A02,A0201,A02010800,128.6806218026,37.9487083240,강원특별자치도 양양군 현북면 어성전길 93-229,51,830
125640,동활계곡,12,32,4,A01,A0101,A01010900,129.1290670175,37.1523839142,강원특별자치도 삼척시 가곡면 가곡천로,51,230
2782911,응봉,12,32,2,A01,A0101,A01010400,128.4463213907,38.4659741075,강원특별자치도 고성군 거진읍 화진포길 204-25,51,820
127844,기우산(정선),12,32,11,A01,A0101,A01010400,128.6731377641,37.3564822114,강원특별자치도 정선군 정선읍 신월리,51,770
2753136,노암터널,12,32,1,A02,A0205,A02050500,128.9071992254,37.7481081912,강원특별자치도 강릉시 노암동 200-4,51,150
127922,오대산 소금강계곡,12,32,1,A01,A0101,A01010900,128.6576247467,37.8306548995,강원특별자치도 강릉시 연곡면 삼산리,51,150
127843,조양산(정선),12,32,11,A01,A0101,A01010400,128.6539110882,37.3772350070,강원특별자치도 정선군 정선읍 용담길 102-22,51,770
128171,고성 통일전망타워,12,32,2,A02,A0205,A02050600,128.4173974953,38.5147706205,강원특별자치도 고성군 현내면 금강산로 481,51,820
127449,진부령 흘리마을,12,32,2,A02,A0203,A02030100,128.3741425923,38.2648711759,강원특별자치도 고성군 간성읍 흘리길 185,51,820
3036181,나리소전망대,12,32,11,A01,A0101,A01010500,128.5994304506,37.2649607892,강원특별자치도 정선군 신동읍 고성리,51,770
2568667,동구래마을,12,32,17,A02,A0203,A02030100,127.6640391463,38.0410504502,강원특별자치도 화천군 하남면 호수길 329,51,790
125731,육림랜드,12,32,13,A02,A0202,A02020600,127.7209515323,37.9173159255,강원특별자치도 춘천시 영서로 2965 (사농동),51,110
127729,초곡해수욕장,12,32,4,A01,A0101,A01011200,129.2861481811,37.3104438286,강원특별자치도 삼척시 근덕면 초곡2길,51,230
2702489,용운사지 삼층석탑,12,32,9,A02,A0205,A02050200,127.8901218334,37.4620524637,강원특별자치도 원주시 호저면 용곡리,51,130
126727,반암해변,12,32,2,A01,A0101,A01011200,128.4628018416,38.4215018437,강원특별자치도 고성군 거진읍,51,820
2710577,KT&G 상상마당 춘천,12,32,13,A02,A0203,A02030400,127.7023128553,37.8737734220,강원특별자치도 춘천시 스포츠타운길399번길 25,51,110
580519,메이힐스리조트,12,32,11,A02,A0202,A02020200,128.8352025949,37.2115686650,강원특별자치도 정선군 고한읍 물한리길 8,51,770
1842210,병방치 스카이워크,12,32,11,A02,A0205,A02050600,128.6354715236,37.3623780337,강원특별자치도 정선군 정선읍 병방치길 225,51,770
407252,국립두타산자연휴양림,12,32,15,A01,A0101,A01010600,128.5759014877,37.5597985551,강원특별자치도 평창군 진부면 아차골길 132,51,760
125412,국립 용대자연휴양림,12,32,10,A01,A0101,A01010600,128.3646639310,38.2316443099,강원특별자치도 인제군 북면 연화동길 7,51,810
125777,아우라지,12,32,11,A01,A0101,A01011800,128.7239879300,37.4758305379,강원특별자치도 정선군 여량면 아우라지길 69,51,770
2663739,려우도예,12,32,13,A02,A0203,A02030400,127.7178130790,37.8185967945,강원특별자치도 춘천시 신동면 김유정로 1430-14,51,110
125680,천불동계곡,12,32,5,A01,A0101,A01010900,128.4701233043,38.1575549755,강원특별자치도 속초시 설악동,51,210
128788,설악산 케이블카,12,32,5,A02,A0203,A02030400,128.4891655341,38.1731535285,강원특별자치도 속초시 설악산로 1085 (설악동),51,210
125780,춘천향교,12,32,13,A02,A0201,A02010700,127.7341263954,37.8815536653,강원특별자치도 춘천시 삭주로 21 (교동),51,110
264432,춘천 명동 닭갈비 골목,12,32,13,A02,A0203,A02030600,127.7284297351,37.8800898403,강원특별자치도 춘천시 조양동 52,51,110
2814588,춘천 삼악산 호수케이블카,12,32,13,A02,A0203,A02030400,127.6913807924,37.8644965197,강원특별자치도 춘천시 스포츠타운길 245,51,110
2798901,상원사 동종,12,32,15,A02,A0201,A02010800,128.5635040624,37.7859860364,강원특별자치도 평창군 진부면 오대산로 1211-14,51,760
2798404,청옥산 도깨비길,12,32,15,A02,A0203,A02030600,128.4864514487,37.3666885836,강원특별자치도 평창군 미탄면 수리재길 3,51,760
2798468,노산성,12,32,15,A02,A0201,A02010200,128.3977230849,37.3744526703,강원특별자치도 평창군 평창읍 하리,51,760
2701876,유동리 오층석탑,12,32,15,A02,A0205,A02050200,128.3841250099,37.3508523571,강원특별자치도 평창군 평창읍 유동리,51,760
2799143,월정사 적멸보궁,12,32,15,A02,A0201,A02010800,128.5920587127,37.7312290383,강원특별자치도 평창군 진부면 오대산로 374-8,51,760
2798729,[효석문학100리길 4코스] 옛길따라 평창강 가는길,12,32,15,A02,A0203,A02030600,128.4156426778,37.4086074027,강원특별자치도 평창군 평창읍 찬샘내기2길 99-30,51,760
2798329,평창 남산 둘레길,12,32,15,A01,A0101,A01010500,128.3925794015,37.3644176191,강원특별자치도 평창군 평창읍 문화예술길 19,51,760
2799163,월정사부도군,12,32,15,A02,A0201,A02010800,128.5775807813,37.7790315573,강원특별자치도 평창군 진부면 오대산로 1076-15,51,760
127540,백담계곡,12,32,10,A01,A0101,A01010900,128.3573602695,38.1919404619,강원특별자치도 인제군 북면 백담로 150,51,810
2616535,진부령,12,32,2,A01,A0101,A01010400,128.3166040880,38.3318233670,강원특별자치도 고성군 간성읍 진부리,51,820
125618,오색령(한계령),12,32,7,A01,A0101,A01010400,128.4603975449,38.1209090520,강원특별자치도 양양군 서면 대청봉길 1,51,830
2777254,양양 오색리 삼층석탑,12,32,7,A02,A0205,A02050200,128.4400813166,38.0765554860,강원특별자치도 양양군 서면 약수길 132,51,830
127735,중봉계곡,12,32,4,A01,A0101,A01010900,128.9333771898,37.3936607181,강원특별자치도 삼척시 하장면 중봉당골길,51,230
2735620,감추사,12,32,3,A02,A0201,A02010800,129.1262895236,37.5148310688,강원특별자치도 동해시 해안로 120 (용정동),51,170
2605277,웰컴투동막골촬영지,12,32,15,A02,A0203,A02030400,128.4707599845,37.3139915833,강원특별자치도 평창군 미탄면 동막골길 122,51,760
125740,황지연못,12,32,14,A01,A0101,A01010500,128.9910509427,37.1727622365,강원특별자치도 태백시 황지연못길 12 (황지동),51,190
2610091,매봉산풍력발전단지(바람의 언덕),12,32,14,A02,A0203,A02030100,128.9702348133,37.2165873563,강원특별자치도 태백시 매봉산길 206 (창죽동),51,190
264485,철원 노동당사,12,32,12,A02,A0201,A02010700,127.2019861959,38.2552751974,강원특별자치도 철원군 철원읍 금강산로 265,51,780
2414753,아라리촌,12,32,11,A02,A0201,A02010600,128.6720900814,37.3749217329,강원특별자치도 정선군 정선읍 애산로 37,51,770
125798,설악산 권금성,12,32,5,A02,A0201,A02010200,128.4881825695,38.1641490018,강원특별자치도 속초시 설악산로 1085-3 (설악동),51,210
127671,신흥사(설악산),12,32,5,A02,A0201,A02010800,128.4847797293,38.1761225423,강원특별자치도 속초시 설악산로 1137 (설악동),51,210
2900623,철원승일공원,12,32,12,A02,A0202,A02020700,127.3014791031,38.1864295282,강원특별자치도 철원군 갈말읍 내대리,51,780
125779,영금정,12,32,5,A01,A0101,A01011100,128.6014624568,38.2119011984,강원특별자치도 속초시 영금정로 43 (동명동),51,210
125589,낙산도립공원,12,32,7,A01,A0101,A01010200,128.6313821755,38.1161018139,강원특별자치도 양양군 강현면 일출로 42,51,830
125707,속초해수욕장,12,32,5,A01,A0101,A01011200,128.6019575219,38.1906064639,강원특별자치도 속초시 해오름로 190 (조양동),51,210
125653,직탕폭포 (한탄강 유네스코 세계지질공원),12,32,12,A01,A0101,A01010800,127.2659177854,38.2097567004,강원특별자치도 철원군 동송읍 장흥리,51,780
2787556,죽림동성당,12,32,13,A02,A0201,A02010900,127.7269633008,37.8767707550,강원특별자치도 춘천시 약사고개길 23,51,110
2790003,미시령옛길 울산바위 은하수,12,32,2,A01,A0101,A01010500,128.4785319190,38.2133125360,강원특별자치도 고성군 토성면 원암리,51,820
2662936,롯데리조트속초,12,32,5,A02,A0202,A02020200,128.6130734888,38.1806995002,강원특별자치도 속초시 대포항길 186,51,210
2774728,묵호항수변공원,12,32,3,A02,A0202,A02020700,129.1174169812,37.5509989487,강원특별자치도 동해시 일출로 92-11 (묵호진동),51,170
745328,국순당 주향로,12,32,18,A02,A0204,A02040600,128.1966849965,37.4897022276,강원특별자치도 횡성군 둔내면 강변로 975,51,730
2778036,단관공원,12,32,9,A02,A0202,A02020700,127.9592309066,37.3181926004,강원특별자치도 원주시 단관공원길 63,51,130
1626292,평화의 댐(화천),12,32,17,A02,A0205,A02050600,127.8435842372,38.2132809524,강원특별자치도 화천군 화천읍 평화로 3481-18,51,790
127713,추암해변,12,32,3,A01,A0101,A01011200,129.1602375728,37.4794635856,강원특별자치도 동해시 촛대바위길 26,51,170
127140,장전계곡,12,32,15,A01,A0101,A01010900,128.5418181531,37.4773546471,강원특별자치도 평창군 진부면 장전길 435-2,51,760
2773046,사천진항,12,32,1,A01,A0101,A01011400,128.8782046462,37.8368418022,강원특별자치도 강릉시 사천면 진리해변길 68-23,51,150
127872,맹방해변,12,32,4,A01,A0101,A01011200,129.2320061341,37.3898030893,강원특별자치도 삼척시 근덕면 맹방해변로 228-239,51,230
127141,막동계곡,12,32,15,A01,A0101,A01010900,128.5651392486,37.5372815062,강원특별자치도 평창군 진부면 오대천로,51,760
125717,덕산해변,12,32,4,A01,A0101,A01011200,129.2409610100,37.3858676065,강원특별자치도 삼척시 근덕면 덕산해변길 114,51,230
2702470,꺼먹다리,12,32,17,A02,A0201,A02010700,127.7619282638,38.1060946985,강원특별자치도 화천군 화천읍 평화로 685,51,790
407172,피노키오청소년수련원(피노키오 캠핑장),12,32,9,A01,A0101,A01010600,128.1677250095,37.2574840515,강원특별자치도 원주시 신림면 소야1길 72,51,130
2775500,소돌해수욕장,12,32,1,A01,A0101,A01011200,128.8272654209,37.9062383246,강원특별자치도 강릉시 주문진읍 해안로 1993,51,150
138662,한화리조트 평창,12,32,15,A02,A0202,A02020200,128.3316979280,37.5789416837,강원특별자치도 평창군 봉평면 태기로 228-33,51,760
2761729,가람리조트,12,32,16,A02,A0202,A02020200,128.0184630062,37.8364309102,강원특별자치도 홍천군 두촌면 부채들길 29,51,720
129582,부남해변,12,32,4,A01,A0101,A01011200,129.2514275017,37.3611484320,강원특별자치도 삼척시 근덕면 부남해변길,51,230
2987914,광천선굴어드벤처테마파크,12,32,15,A01,A0101,A01011900,128.4516722463,37.5188259153,강원특별자치도 평창군 고대동길 119,51,760
980192,인터컨티넨탈 알펜시아 평창 리조트,12,32,15,A02,A0202,A02020200,128.6743702048,37.6575030436,강원특별자치도 평창군 대관령면 솔봉로 325,51,760
2764833,국제평화아트파크,12,32,17,A02,A0202,A02020700,127.8510752840,38.2111480088,강원특별자치도 화천군 화천읍 평화로 3518,51,790
1923400,백두대간협곡열차(V-트레인),12,32,14,A02,A0203,A02030400,129.0367097758,37.1131088552,강원특별자치도 태백시 동태백로 389 (철암동),51,190
126738,남애항,12,32,7,A01,A0101,A01011400,128.7871622863,37.9449469437,강원특별자치도 양양군 현남면 매바위길 138,51,830
2774430,대진 해수욕장,12,32,3,A01,A0101,A01011200,129.1125692666,37.5810009497,강원특별자치도 동해시 대진항길 46 (대진동),51,170
2775508,순포습지,12,32,1,A01,A0101,A01010500,128.8875265360,37.8204549924,강원특별자치도 강릉시 사천면 산대월리,51,150
127476,소양강댐,12,32,13,A02,A0205,A02050600,127.8150725784,37.9487918001,강원특별자치도 춘천시 신북읍 신샘밭로 1128,51,110
2820769,도계역 급수탑,12,32,4,A02,A0201,A02010700,129.0435390639,37.2268403735,강원특별자치도 삼척시 전두남1길 33-20,51,230
2714726,홍천 열목어마을,12,32,16,A02,A0203,A02030100,128.5058295374,37.8501247145,강원특별자치도 홍천군 내면 명개로 98,51,720
125736,기미만세공원,12,32,16,A02,A0202,A02020700,128.1463418503,37.7846587811,강원특별자치도 홍천군 내촌면 동창로 165,51,720
127647,수타사계곡,12,32,16,A01,A0101,A01010900,127.9575198584,37.6989540548,강원특별자치도 홍천군 영귀미면 덕치리,51,720
125733,마곡유원지,12,32,16,A02,A0202,A02020700,127.5671265985,37.7305097947,강원특별자치도 홍천군 서면 마곡길 394-40,51,720
2714533,강원특별자치도 자연환경연구공원,12,32,16,A02,A0204,A02040800,127.8518722430,37.7543734234,강원특별자치도 홍천군 북방면 생태공원길 319,51,720
128775,만해마을,12,32,10,A02,A0201,A02010600,128.3161336509,38.1859431442,강원특별자치도 인제군 북면 만해로 91,51,810
2743777,왕터리조트,12,32,13,A02,A0202,A02020200,127.5610521582,37.7302541561,강원특별자치도 춘천시 남면 박암관천길 183-27,51,110
126639,삼척 초당굴,12,32,4,A01,A0101,A01011900,129.1888407468,37.3833668740,강원특별자치도 삼척시 근덕면 금계리,51,230
2776834,대진항(삼척),12,32,4,A01,A0101,A01011400,129.2604604349,37.3479167970,강원특별자치도 삼척시 근덕면 대진길 120,51,230
125709,용화해변,12,32,4,A01,A0101,A01011200,129.3052303106,37.8297538027,강원특별자치도 삼척시 근덕면 용화리,51,230
127505,삼척공양왕릉,12,32,4,A02,A0201,A02010700,129.2663494624,37.3262832875,강원특별자치도 삼척시 근덕면 궁촌리,51,230
2641014,뒷뜨루관광농원,12,32,1,A02,A0204,A02040800,128.8370445153,37.8353717256,강원특별자치도 강릉시 사천면 청솔공원길 108,51,150
2820838,평창캠프닉,12,32,15,A02,A0203,A02030400,128.3317534820,37.5788278091,강원특별자치도 평창군 태기로 228-33 한화리조트,51,760
125757,국형사,12,32,9,A02,A0201,A02010800,128.0132227777,37.3347000326,강원특별자치도 원주시 고문골길 155 (행구동),51,130
800555,황토구들마을,12,32,15,A02,A0203,A02030100,128.4023861189,37.5748046174,강원특별자치도 평창군 용평면 의풍포길 23-10,51,760
252557,원주 강원감영,12,32,9,A02,A0201,A02010100,127.9504947193,37.3478140160,강원특별자치도 원주시 원일로 85,51,130
3454461,경포호수광장,12,32,1,A02,A0202,A02020700,128.9095224784,37.7977913781,강원특별자치도 강릉시 해안로 415 (초당동),51,150
127228,건봉사,12,32,2,A02,A0201,A02010800,128.3837485682,38.4014998662,강원특별자치도 고성군 거진읍 건봉사로 723,51,820
2724982,화진포해수욕장,12,32,2,A01,A0101,A01011200,128.4361968025,38.4822636746,강원특별자치도 고성군 현내면 화진포길 386,51,820
2702546,토성민속마을,12,32,12,A02,A0201,A02010600,127.3430679949,38.2450178894,강원특별자치도 철원군 갈말읍 토성길 98,51,780
2569485,용화저수지,12,32,12,A01,A0101,A01011800,127.3466626626,38.1327449697,강원특별자치도 철원군 갈말읍 신철원리,51,780
2048756,소이산 생태숲 녹색길,12,32,12,A01,A0101,A01010400,127.2019389791,38.2552363123,강원특별자치도 철원군 철원읍 금강산로 265,51,780
2777847,승일교,12,32,12,A02,A0205,A02050100,127.3003180798,38.1870572111,강원특별자치도 철원군 갈말읍 내대리,51,780
2569497,김화군민 망향탑,12,32,12,A02,A0201,A02011000,127.4604181049,38.2530580143,강원특별자치도 철원군 근남면 사곡리,51,780
2798815,봉황둘레길,12,32,15,A01,A0101,A01010500,128.4520897755,37.4888293888,강원특별자치도 평창군 대화면 문화택지길 21,51,760
126656,금당계곡,12,32,15,A01,A0101,A01010900,128.3933230380,37.4824512302,강원특별자치도 평창군 대화면 개수리,51,760
125638,뇌운계곡,12,32,15,A01,A0101,A01010900,128.3817233253,37.4147532715,강원특별자치도 평창군 평창읍 뇌운리,51,760
125630,고원통계곡,12,32,10,A01,A0101,A01010900,128.2731242649,38.1668556532,강원특별자치도 인제군 북면 한계리,51,810
126629,진동계곡,12,32,10,A01,A0101,A01010900,128.4079238261,37.9633541354,강원특별자치도 인제군 기린면 진동리,51,810
125633,내심적계곡,12,32,10,A01,A0101,A01010900,128.1940233614,38.2497555844,강원특별자치도 인제군 서화면 심적리,51,810
2702481,원주 부흥사지 석탑재,12,32,9,A02,A0205,A02050200,127.9855212513,37.3773529225,강원특별자치도 원주시 소초면 흥양리,51,130
252554,원주 운곡원천석묘역,12,32,9,A02,A0201,A02010700,128.0139220844,37.3562531115,강원특별자치도 원주시 행구동,51,130
252551,원주 조엄묘역,12,32,9,A02,A0201,A02010700,127.8531199770,37.3546530854,강원특별자치도 원주시 지정면 간현리,51,130
2714653,행구수변공원,12,32,9,A02,A0202,A02020700,127.9967462599,37.3424349430,강원특별자치도 원주시 행구로 362 (행구동),51,130
2777305,봉래산(영월),12,32,8,A01,A0101,A01010400,128.4862231360,37.1984496284,강원특별자치도 영월군 영월읍 영흥리,51,750
2788875,수산항,12,32,7,A01,A0101,A01011400,128.6733933696,38.0803456768,강원특별자치도 양양군 손양면 수산1길 26-41,51,830
2784323,후진항,12,32,7,A01,A0101,A01011400,128.6227268801,38.1329552415,강원특별자치도 양양군 강현면 용호리,51,830
131036,의암호,12,32,13,A01,A0101,A01011800,127.7106199172,37.8911548876,강원특별자치도 춘천시 삼천동,51,110
2788996,영혈사,12,32,7,A02,A0201,A02010800,128.5461679469,38.1076733619,강원특별자치도 양양군 양양읍 불당골길 346,51,830
977068,홀리데이인 알펜시아 평창 리조트,12,32,15,A02,A0202,A02020200,128.6743702048,37.6575030436,강원특별자치도 평창군 대관령면 솔봉로 325,51,760
2776855,범바위,12,32,5,A01,A0102,A01020200,128.5808225913,38.2142727422,강원특별자치도 속초시 영랑호반길 140,51,210
2701934,피의능선전투전적비,12,32,6,A02,A0205,A02050200,128.0430074477,38.2214337809,강원특별자치도 양구군 동면 월운리,51,800
126607,양구향교,12,32,6,A02,A0201,A02010700,127.9913822790,38.1079849168,강원특별자치도 양구군 양구읍 관공서로16번길 5-4,51,800
127897,수입천,12,32,6,A01,A0101,A01010900,127.9002220849,38.1686566733,강원특별자치도 양구군 방산면 오미리,51,800
2569469,양구군민공원,12,32,6,A02,A0202,A02020700,127.9907212833,38.1061573393,강원특별자치도 양구군 양구읍 상리,51,800
125648,직연폭포,12,32,6,A01,A0101,A01010800,127.9509218612,38.2065559897,강원특별자치도 양구군 방산면 칠전리,51,800
2776858,도원리계곡,12,32,2,A01,A0101,A01010900,128.4738251134,38.2671561712,강원특별자치도 고성군 토성면 도원리,51,820
2714850,추암조각공원,12,32,3,A02,A0202,A02020700,129.1586599490,37.4790469361,강원특별자치도 동해시 촛대바위길 17-1 (추암동),51,170
779594,한반도지형(강원고생대 국가지질공원),12,32,8,A01,A0101,A01011100,128.3575534938,37.2199280571,강원특별자치도 영월군 한반도면 한반도로 555,51,750
1949976,대관령 하늘목장,12,32,15,A02,A0203,A02030100,128.7188396792,37.7071731576,강원특별자치도 평창군 대관령면 꽃밭양지길 458-23,51,760
2711379,덕우리체험마을,12,32,11,A02,A0203,A02030100,128.7140867688,37.3597576186,강원특별자치도 정선군 정선읍 백오담길 27,51,770
2002440,평창 어름치마을,12,32,15,A02,A0203,A02030100,128.5415653834,37.2923065380,강원특별자치도 평창군 미탄면 마하길 42-5,51,760
2710820,설악해수욕장,12,32,7,A01,A0101,A01011200,128.6227575205,38.1301333481,강원특별자치도 양양군 강현면 용호리 4-5,51,830
2616518,소양강 하안단구 (강원평화지역 국가지질공원),12,32,10,A01,A0101,A01010500,128.2109560114,38.1314085900,강원특별자치도 인제군 북면 둔지말길 43-6,51,810
2605236,의암호스카이워크,12,32,13,A02,A0205,A02050600,127.6799656772,37.8471622126,강원특별자치도 춘천시 칠전동 485,51,110
2495006,알파카월드,12,32,16,A02,A0202,A02020600,127.8837032834,37.8276988352,강원특별자치도 홍천군 화촌면 덕밭재길 146-155,51,720
2783068,하이원리조트 알파인코스터,12,32,11,A02,A0203,A02030400,128.8271727915,37.2104297527,강원특별자치도 정선군 고한읍 하이원길 265-1,51,770
127305,단풍산,12,32,8,A01,A0101,A01010400,128.7310975139,37.4133712106,강원특별자치도 영월군 산솔면 녹전리,51,750
125781,원주향교,12,32,9,A02,A0201,A02010700,127.9494645222,37.3387122709,강원특별자치도 원주시 향교길 37-1 (명륜동),51,130
125673,무릉계곡 용추폭포(강원),12,32,3,A01,A0101,A01010800,128.9952281499,37.4536522297,강원특별자치도 동해시 삼화동,51,170
125701,하조대해수욕장,12,32,7,A01,A0101,A01011200,128.7242655472,38.0229894402,강원특별자치도 양양군 현북면 하조대해안길 35,51,830
125748,남대천(강릉),12,32,1,A01,A0101,A01011800,128.8263881088,37.7141161060,강원특별자치도 강릉시 성산면 구산안길,51,150
126715,모나용평,12,32,15,A02,A0202,A02020200,128.7055814809,37.6509988422,강원특별자치도 평창군 대관령면 올림픽로 715,51,760
126787,공현진1리해변,12,32,2,A01,A0101,A01011200,128.5106302561,38.3508443520,강원특별자치도 고성군 죽왕면,51,820
127842,몰운대(정선),12,32,11,A01,A0101,A01010400,128.8117487099,37.3181559522,강원특별자치도 정선군 화암면 약수길 1330,51,770
127901,국립한국자생식물원,12,32,15,A01,A0101,A01010700,128.6149990499,37.7069461800,강원특별자치도 평창군 대관령면 비안길 150-3,51,760
128359,강릉 복사꽃마을,12,32,1,A02,A0203,A02030100,128.7773762919,37.8801348222,강원특별자치도 강릉시 신리천로 527-3 복사꽃정보마을센타,51,150
129137,소노벨 비발디파크 오션월드,12,32,16,A02,A0202,A02020600,127.6779191584,37.6407750399,강원특별자치도 홍천군 서면 한치골길 262,51,720
753732,봉산동 당간지주,12,32,9,A02,A0201,A02010800,127.9582107556,37.3455560878,강원특별자치도 원주시 개봉교길 41,51,130
1762763,365세이프타운,12,32,14,A02,A0202,A02020600,129.0267221911,37.0993713487,강원특별자치도 태백시 평화길 15,51,190
1830997,불바라기약수터,12,32,7,A01,A0101,A01011000,128.5464264142,37.9227559600,강원특별자치도 양양군 서면 미천리,51,830
2396037,소양강스카이워크,12,32,13,A02,A0205,A02050600,127.7236825518,37.8933326556,강원특별자치도 춘천시 영서로 2663 (근화동),51,110
2725124,반정,12,32,15,A02,A0203,A02030400,128.4575252782,37.4927790362,강원특별자치도 평창군 대화면 대화중앙로 40,51,760
2782901,백섬해상전망대,12,32,2,A02,A0205,A02050600,128.4669255768,38.4497569582,강원특별자치도 고성군 거진읍 거진리,51,820
2812256,영월관광센터,12,32,8,A02,A0202,A02020200,128.4463217149,37.1796565918,강원특별자치도 영월군 영월읍 청령포로 126-3,51,750
3532370,임당동 성당,12,32,1,A02,A0201,A02010900,128.8920642822,37.7544432749,강원특별자치도 강릉시 임영로 148 (임당동),51,150
3532403,산계리3층석탑,12,32,1,A02,A0205,A02050200,128.9182230117,37.5749561892,강원특별자치도 강릉시 옥계면 석화동굴길 238,51,150
3532463,굴산사지당간지주,12,32,1,A02,A0205,A02050200,128.8875744540,37.7079985585,강원특별자치도 강릉시 구정면 금평로 92-50,51,150
3544074,대한노인회 강릉시지회,12,32,1,A02,A0203,A02030400,128.8840152133,37.7477716674,강원특별자치도 강릉시 경강로 1956 (홍제동),51,150
3544376,강릉종합사회복지관,12,32,1,A02,A0203,A02030400,128.9161479051,37.7647425538,"강원특별자치도 강릉시 강변로 510 (입암동, 입암3주공아파트)",51,150
3545967,정동진,12,32,1,A02,A0203,A02030100,129.0326035860,37.6914144167,강원특별자치도 강릉시 강동면 정동역길 17,51,150
3546554,강릉항여객터미널,12,32,1,A02,A0202,A02020800,128.9528860105,37.7728923281,강원특별자치도 강릉시 창해로14번길 51-26 (견소동),51,150
3547622,허균 허난설헌 기념공원 초희전통차체험관,12,32,1,A02,A0203,A02030200,128.9101559652,37.7909893998,강원특별자치도 강릉시 난설헌로193번길 1-15 (초당동),51,150
3547638,강릉통일공원안보전시관,12,32,1,A02,A0201,A02011000,128.9984085388,37.7204603916,강원특별자치도 강릉시 강동면 율곡로 1715-38,51,150
3547899,강문해변화장실,12,32,1,A02,A0205,A02050600,128.9193966990,37.7942253168,강원특별자치도 강릉시 창해로 344-1 (강문동),51,150
3543415,주문진문화교육센터,12,32,1,A02,A0203,A02030400,128.8222999590,37.8819021591,강원특별자치도 강릉시 주문진읍 신리대동길 25,51,150
3542927,강릉교회,12,32,1,A02,A0201,A02010900,128.9166441773,37.7939586275,강원특별자치도 강릉시 해안로 333 (강문동),51,150
129593,휴휴암(강원),12,32,7,A02,A0201,A02010800,128.7674802246,37.9612696670,강원특별자치도 양양군 현남면 광진2길 3-16,51,830
129038,후진마을,12,32,4,A02,A0203,A02030100,129.1714370967,37.4623629966,강원특별자치도 삼척시 새천년도로 460,51,230
127874,송지호 해수욕장,12,32,2,A01,A0101,A01011200,128.5279598643,38.3307331455,강원특별자치도 고성군 죽왕면 오호리,51,820
129027,장사어촌체험마을,12,32,5,A02,A0203,A02030100,128.5880298803,38.2267214335,강원특별자치도 속초시 장사항해안길 58,51,210
2705223,장미공원,12,32,9,A02,A0202,A02020700,127.9307409701,37.3470165190,강원특별자치도 원주시 장미공원길 43-3,51,130
129022,기사문마을,12,32,7,A02,A0203,A02030100,128.7283128303,38.0092605575,강원특별자치도 양양군 현북면 기사문리,51,830
129033,물치마을,12,32,7,A02,A0203,A02030100,128.6055250327,38.1531803325,강원특별자치도 양양군 강현면 물치천로 23,51,830
2714534,양구 산양·사향노루센터,12,32,6,A01,A0101,A01010500,128.0748794087,38.2257255543,강원특별자치도 양구군 동면 펀치볼로 266-60,51,800
3541047,주문진 관광안내센터,12,32,1,A02,A0203,A02030400,128.8285741418,37.8899819008,강원특별자치도 강릉시 주문진읍 해안로 1734,51,150
127565,영랑호,12,32,5,A01,A0101,A01011700,128.5807503766,38.2142227476,강원특별자치도 속초시 영랑호반길 140,51,210
128782,신장절공묘역,12,32,13,A02,A0201,A02010700,127.6619878743,37.9033247881,강원특별자치도 춘천시 서면 신숭겸로 272-21,51,110
125605,강촌유원지,12,32,13,A02,A0202,A02020700,127.6325486998,37.8157038798,강원특별자치도 춘천시 남산면 일원,51,110
127566,소양호(양구),12,32,6,A01,A0101,A01011700,128.0221877116,38.0194458116,강원특별자치도 양구군 양구읍 석현리,51,800
2569470,용머리 공원,12,32,6,A02,A0202,A02020700,127.9822937880,38.1221525378,강원특별자치도 양구군 파로호로869번길 109,51,800
770926,양구 국토정중앙배꼽마을,12,32,6,A02,A0203,A02030100,128.0231999217,38.0718313980,강원특별자치도 양구군 국토정중앙면 봉화산로 425,51,800
2569391,소지섭길,12,32,6,A01,A0101,A01010500,127.9835710384,38.2269042350,강원특별자치도 양구군 방산면 두타연로 8,51,800
2702469,필리핀군 전투전적비,12,32,6,A02,A0205,A02050200,127.9884201940,38.0573546475,강원특별자치도 양구군 국토정중앙면 심포리,51,800
128733,백석산지구 전투전적비,12,32,6,A02,A0205,A02050200,127.9356332233,38.2441485349,강원특별자치도 양구군 방산면 송현리 233,51,800
2569459,펀치볼지구전투전적비,12,32,6,A02,A0201,A02011000,128.0463239786,38.2160011446,강원특별자치도 양구군 동면 팔랑리,51,800
2702467,전기필불망비,12,32,6,A02,A0205,A02050200,128.0467205827,38.1440567629,강원특별자치도 양구군 국토정중앙면 가오작리,51,800
129026,용화마을,12,32,4,A02,A0203,A02030100,129.3046027265,37.2897076837,강원특별자치도 삼척시 근덕면 용화해변길 23,51,230
2569361,대성산지구 전적비,12,32,17,A02,A0201,A02011000,127.5405935748,38.1775155575,강원특별자치도 화천군 상서면 다목리 산1-1,51,790
2789860,화음동 정사지,12,32,17,A02,A0201,A02010700,127.5137779042,38.0398450169,강원특별자치도 화천군 사내면 화악산로 652,51,790
2774598,거례리사랑나무,12,32,17,A01,A0101,A01010500,127.6885470236,38.0744192401,강원특별자치도 화천군 하남면 거례리 484-2,51,790
2789872,토마토조각공원,12,32,17,A02,A0202,A02020700,127.5210206779,38.0738300758,강원특별자치도 화천군 사내면 수피령로 75,51,790
129029,주문리마을,12,32,1,A02,A0203,A02030100,128.8271158504,37.8928732039,강원특별자치도 강릉시 주문진읍 주문로 102,51,150
125802,소양호(춘천),12,32,13,A01,A0101,A01011700,127.8218442932,37.9451423519,강원특별자치도 춘천시 신북읍 유포리,51,110
125747,춘천호,12,32,13,A01,A0101,A01011700,127.6580192160,37.9825571544,강원특별자치도 춘천시 사북면 원평리,51,110
2710612,효자동낭만골목,12,32,13,A02,A0203,A02030600,127.7275939337,37.8722324057,강원특별자치도 춘천시 효자상길 9,51,110
129416,소양강처녀상,12,32,13,A02,A0205,A02050400,127.7242936044,37.8934354331,강원특별자치도 춘천시 영서로 2675,51,110
1626481,서봉사계곡 마을관리휴양지,12,32,16,A01,A0101,A01010900,128.2174655812,37.7049693693,강원특별자치도 홍천군 서석면 구룡령로 2838,51,720
129262,서강,12,32,8,A01,A0101,A01011800,128.3528790414,37.2155923574,강원특별자치도 영월군 한반도면 옹정리,51,750
2778008,춘천시 수변공원,12,32,13,A02,A0202,A02020700,127.7003019627,37.8725790790,강원특별자치도 춘천시 삼천동 200-9,51,110
128644,춘천김정은가옥,12,32,13,A02,A0201,A02010400,127.7290001690,37.8449717137,강원특별자치도 춘천시 신동면 솟발1길 44,51,110
2714439,안반데기,12,32,1,A02,A0203,A02030100,128.7396598347,37.6225888951,강원특별자치도 강릉시 왕산면 안반데기길 428,51,150
2714198,웰리힐리파크 워터플래닛,12,32,18,A02,A0202,A02020600,128.2431751070,37.4943692317,강원특별자치도 횡성군 둔내면 고원로 451,51,730
125681,지경리해변,12,32,7,A01,A0101,A01011200,128.8032171516,37.9204639845,강원특별자치도 양양군 현남면 동해대로 62,51,830
2792635,켄싱턴 프렌치 가든,12,32,15,A01,A0101,A01010700,128.5978427847,37.6898700479,강원특별자치도 평창군 진부면 진고개로 231,51,760
2798331,[효석문학100리길 1코스] 문학의 길,12,32,15,A01,A0101,A01010500,128.3762625265,37.6063949106,강원특별자치도 평창군 봉평면 애강나무길 14,51,760
125612,계방산(평창),12,32,15,A01,A0101,A01010400,128.4445449860,37.7071512180,강원특별자치도 평창군 용평면 운두령로 1243,51,760
2713392,한반도섬,12,32,6,A01,A0101,A01011300,127.9828295908,38.1306932194,강원특별자치도 양구군 양구읍 한반도섬길 76,51,800
2380945,어답산관광지,12,32,18,A02,A0202,A02020200,128.0572223009,37.5932542885,강원특별자치도 횡성군 갑천면 병지방리,51,730
2786179,마운틴코스터,12,32,15,A02,A0203,A02030400,128.6755125974,37.6303200970,강원특별자치도 평창군 대관령면 올림픽로 715,51,760
2711035,도째비골스카이밸리,12,32,3,A02,A0202,A02020600,129.1191500261,37.5553040418,강원특별자치도 동해시 묵호진동 2-109,51,170
2713273,휘닉스 평창 루지랜드,12,32,15,A02,A0202,A02020600,128.3196434257,37.5801079869,강원특별자치도 평창군 봉평면 태기로 174,51,760
736148,효석문화마을 메밀음식거리,12,32,15,A02,A0203,A02030600,128.3777093419,37.6155688764,강원특별자치도 평창군 봉평면 기풍3길 31,51,760
125764,수타사,12,32,16,A02,A0201,A02010800,127.9592113786,37.6987235582,강원특별자치도 홍천군 영귀미면 수타사로 473,51,720
2513410,삼척해상케이블카,12,32,4,A02,A0203,A02030400,129.3085218382,37.2891439362,강원특별자치도 삼척시 근덕면 삼척로 2154-31,51,230
3532273,소금강,12,32,1,A01,A0101,A01011800,128.7085511391,37.8164769727,강원특별자치도 강릉시 연곡면 소금강길 449,51,150
3068424,가리왕산케이블카,12,32,11,A02,A0203,A02030400,128.6097538017,37.4742535268,강원특별자치도 정선군 북평면 중봉길 41-35,51,770
125652,삼부연폭포 (한탄강 유네스코 세계지질공원),12,32,12,A01,A0101,A01010800,127.3276947350,38.1401993039,강원특별자치도 철원군 갈말읍 신철원리,51,780
3532478,임당생활문화센터,12,32,1,A02,A0203,A02030400,128.8950140061,37.7547682949,강원특별자치도 강릉시 문화의길 6 (임당동),51,150
128159,영월 섶다리 마을,12,32,8,A02,A0201,A02010600,128.3477936655,37.3002602828,강원특별자치도 영월군 주천면 평창강로 262-7,51,750
128375,산속호수마을,12,32,17,A02,A0203,A02030100,127.7900417505,38.1264595181,강원특별자치도 화천군 화천읍 호음로 806,51,790
2774698,강릉아트센터,12,32,1,A02,A0203,A02030400,128.8954273345,37.7716996777,강원특별자치도 강릉시 종합운동장길 84,51,150
125760,상원사(원주),12,32,9,A02,A0201,A02010800,128.0538449366,37.3066290306,강원특별자치도 원주시 신림면 성남로 930,51,130
125768,보현사(강릉),12,32,1,A02,A0201,A02010800,128.7693064482,37.7366262830,강원특별자치도 강릉시 성산면 보현길 396,51,150
2922700,이사부광장,12,32,4,A02,A0202,A02020700,129.1921525959,37.4400854117,강원특별자치도 삼척시 정하동 41-282,51,230
2916001,남애1리해수욕장,12,32,7,A01,A0101,A01011200,128.7891485534,37.9341454568,강원특별자치도 양양군 현남면 화상해안길 245,51,830
2915983,쉬리공원,12,32,12,A02,A0202,A02020700,127.4139447449,38.2478049874,강원특별자치도 철원군 김화읍 호국로 6442,51,780
127583,선달산(영월),12,32,8,A01,A0101,A01010400,128.6704203224,37.1115770050,강원특별자치도 영월군 김삿갓면 내리계곡로 1192-10,51,750
2914353,배후령고개,12,32,13,A01,A0101,A01010400,127.7880797332,37.9775351697,강원특별자치도 춘천시 신북읍 유포리,51,110
2735338,단종대왕비,12,32,14,A02,A0205,A02050200,128.9685876538,37.1271948124,강원특별자치도 태백시 태백산로 4834-31,51,190
2702543,사내골소나무,12,32,14,A01,A0102,A01020100,128.8995016300,37.1447414679,강원특별자치도 태백시 함백산로 274,51,190
2702606,태백 철암역두 선탄시설,12,32,14,A02,A0201,A02010700,129.0360292168,37.1152502628,강원특별자치도 태백시 철암동,51,190
125708,어달해변,12,32,3,A01,A0101,A01011200,129.1193024261,37.5670832421,강원특별자치도 동해시 일출로 284 (어달동),51,170
2716199,비와야폭포,12,32,14,A01,A0101,A01010800,129.0208308308,37.1066648430,강원특별자치도 태백시 양지길 25 (장성동),51,190
2524328,최초석탄발견지탑,12,32,14,A02,A0205,A02050200,128.9984467999,37.1039063943,강원특별자치도 태백시 금천길 36,51,190
1955961,동명서원,12,32,7,A02,A0201,A02010700,128.6297408168,38.1110023752,강원특별자치도 양양군 양양읍 서원길 44-9,51,830
252568,양양향교,12,32,7,A02,A0201,A02010700,128.6060050939,38.0784084806,강원특별자치도 양양군 양양읍 거마천로 52-20,51,830
125685,동산포해변,12,32,7,A01,A0101,A01011200,128.7570277424,37.9821559287,강원특별자치도 양양군 현남면 동산리,51,830
125683,마차진해변,12,32,2,A01,A0101,A01011200,117.9925662504,19.6944274800,강원특별자치도 고성군 현내면 금강산로 416,51,820
2767553,몽토랑 산양목장,12,32,14,A02,A0203,A02030100,128.9641280683,37.1820273198,강원특별자치도 태백시 효자1길 27-2,51,190
1932458,합강정,12,32,10,A02,A0201,A02010700,128.1859432755,38.0773310756,강원특별자치도 인제군 인제읍 설악로 2254,51,810
2717291,바우파머스몰(대관령마켓),12,32,15,A02,A0203,A02030400,128.7066362804,37.6726296948,강원특별자치도 평창군 대관령로 94 대관령 원예농협,51,760
126776,명파해변,12,32,2,A01,A0101,A01011200,128.4053254685,38.5435697967,강원특별자치도 고성군 현내면 명파4길 47,51,820
127826,국지산,12,32,8,A01,A0101,A01010400,128.4652738958,37.1422918044,강원특별자치도 영월군 영월읍 흥월로 229,51,750
127728,원평해수욕장,12,32,4,A01,A0101,A01011200,129.2709520093,37.3204257175,강원특별자치도 삼척시 근덕면 원평길 38-20,51,230
127158,상정바위산,12,32,11,A01,A0101,A01010400,128.7051746989,37.4180840585,강원특별자치도 정선군 북평면 문곡강변길 505,51,770
126754,정선백전리물레방아,12,32,11,A02,A0201,A02010700,128.8980070453,37.2461936704,강원특별자치도 정선군 화암면 백전리,51,770
125690,문암해변,12,32,4,A01,A0101,A01011200,129.2883702491,37.3090051490,강원특별자치도 삼척시 근덕면 초곡길 340,51,230
125687,상맹방해변,12,32,4,A01,A0101,A01011200,129.2122186263,37.4024179175,강원특별자치도 삼척시 근덕면 상맹방길,51,230
125649,내리계곡,12,32,8,A01,A0101,A01010900,128.6719841833,37.1078163555,강원특별자치도 영월군 김삿갓면 내리계곡로,51,750
3426645,황장목숲길,12,32,9,A01,A0101,A01010500,128.0464649475,37.4047758910,강원특별자치도 원주시 소초면 구룡사로 430,51,130
2569346,곡운구곡 (강원평화지역 국가지질공원),12,32,17,A01,A0101,A01010500,127.5545987140,38.0553550770,강원특별자치도 화천군 사내면 물안골길 13,51,790
2465278,국립축산과학원 한우연구소,12,32,15,A02,A0204,A02040800,128.6782466890,37.6884523168,강원특별자치도 평창군 대관령면 경강로 4937,51,760
2913906,하조대전망대,12,32,7,A02,A0205,A02050600,128.7285401922,38.0219924170,강원특별자치도 양양군 현북면 하륜길 54,51,830
252570,양양동해신묘지,12,32,7,A02,A0201,A02010700,128.6376845816,38.1096776836,강원특별자치도 양양군 동해신묘길 34,51,830
789897,도사곡휴양림,12,32,11,A01,A0101,A01010600,128.7956223479,37.2267328283,강원특별자치도 정선군 사북읍 지장천로 436-27,51,770
127900,어성전계곡,12,32,7,A01,A0101,A01010900,128.6724947528,37.9489553596,강원특별자치도 양양군 현북면 어성전길 93-98,51,830
127871,하맹방해변,12,32,4,A01,A0101,A01011200,129.2256954711,37.3935775318,강원특별자치도 삼척시 근덕면 하맹방길,51,230
1955957,구은사,12,32,12,A02,A0201,A02010700,127.4737918063,38.2554690921,강원특별자치도 철원군 근남면 호국로 7003-23,51,780
800375,소금강장천마을,12,32,1,A02,A0203,A02030100,128.7046533398,37.8466261818,강원특별자치도 강릉시 연곡면 진고개로 1502,51,150
129676,금대계곡,12,32,9,A01,A0101,A01010900,128.0401447403,37.2604729903,강원특별자치도 원주시 판부면 치악로 546-22,51,130
129417,세계 평화의종 공원,12,32,17,A02,A0202,A02020700,127.8520835527,38.2102342459,강원특별자치도 화천군 화천읍 평화로 3481-18,51,800
128562,남애어촌체험마을,12,32,7,A02,A0203,A02030100,128.7861179475,37.9445802992,강원특별자치도 양양군 현남면 매바위길 127,51,830
128024,티앤라이프,12,32,16,A02,A0204,A02040800,128.0575590057,37.7588101032,강원특별자치도 홍천군 장평골말길 74-27,51,720
127733,삼척 영경묘,12,32,4,A02,A0201,A02010700,129.0779533073,37.3878475279,강원특별자치도 삼척시 미로면 하사전리,51,230
127730,신남해변,12,32,4,A01,A0101,A01011200,129.3269015147,37.2643860289,강원특별자치도 삼척시 원덕읍 신남길 76-30,51,230
2616514,비래암(강원평화지역국가지질공원),12,32,17,A01,A0102,A01020200,127.5801103308,38.1465143583,강원특별자치도 화천군 상서면 구운리,51,790
2514847,고성 문암리 유적,12,32,2,A02,A0201,A02010700,128.5444286243,38.3047587164,강원특별자치도 고성군 죽왕면 문암진리,51,820
2465460,마평정수장 홍보관,12,32,4,A02,A0204,A02040800,117.9925662504,19.6944274800,강원특별자치도 삼척시 회강길 450 (마평동),51,230
2364047,천곡천연동굴 자연학습체험공원,12,32,3,A01,A0101,A01011900,129.1097548150,37.5174221140,강원특별자치도 동해시 동굴로 50 (천곡동),51,170
125715,교암해변,12,32,2,A01,A0101,A01011200,128.5466038374,38.2916575075,강원특별자치도 고성군 토성면 천학정길 37,51,820
125598,육향산,12,32,4,A01,A0101,A01010400,129.1849950346,37.4357996537,강원특별자치도 삼척시 정상동,51,230
2820765,하고사리역,12,32,4,A02,A0201,A02010700,129.0626801892,37.2798290999,강원특별자치도 삼척시 소달길 12-52,51,230
2714079,청춘양구레포츠공원,12,32,6,A02,A0202,A02020700,127.9828359190,38.1052211879,강원특별자치도 양구군 양구읍 박수근로 366-24,51,800
2707937,물치항,12,32,7,A01,A0101,A01011200,128.6100745409,38.1557190145,강원특별자치도 양양군 강현면 동해대로 3580,51,830
128370,원평 팜스테이,12,32,13,A02,A0203,A02030100,127.6283407415,38.0036291464,강원특별자치도 춘천시 사북면 말고개길 82-35,51,110
125737,소양호(인제),12,32,10,A01,A0101,A01011700,128.0719191733,38.0235684967,강원특별자치도 인제군 남면 신월리,51,810
125625,담터계곡,12,32,12,A01,A0101,A01010900,127.1990171767,38.1559562061,강원특별자치도 철원군 동송읍 상노리,51,780
3454469,아동청소년친화공간 꿈이랑,12,32,5,A02,A0203,A02030400,128.5802092174,38.1995744418,강원특별자치도 속초시 중앙로 33 (교동),51,210
2771373,알파카 체험카페 마추픽추,12,32,15,A02,A0203,A02030400,128.3416277552,37.5733480750,강원특별자치도 평창군 봉평면 태기로 352,51,760
1071342,알펜시아 오션700,12,32,15,A02,A0202,A02020600,128.6907658364,37.6612362616,강원특별자치도 평창군 대관령면 솔봉로 325,51,760
127654,엘리시안 강촌,12,32,13,A02,A0202,A02020200,127.5872746724,37.8283126847,강원특별자치도 춘천시 남산면 북한강변길 688,51,110
126649,궁촌해변(궁촌해수욕장),12,32,4,A01,A0101,A01011200,129.2671938924,37.3243001987,강원특별자치도 삼척시 근덕면 궁촌해변길 65,51,230
3427042,연세대학교 원주박물관,12,32,9,A02,A0201,A02010700,127.9045953627,37.2770741115,강원특별자치도 원주시 흥업면 연세대길 1,51,130
126602,비봉산(양구),12,32,6,A01,A0101,A01010400,128.0046225421,38.1144566351,강원특별자치도 양구군 양구읍 하리,51,800
2713848,수상한마법학교,12,32,1,A02,A0203,A02030400,128.8791661828,37.7305013481,강원특별자치도 강릉시 범일로 476 (내곡동),51,150
127580,사명산,12,32,6,A01,A0101,A01010400,127.9063215077,38.0775562982,강원특별자치도 양구군 양구읍 월명리,51,800
126732,용연동굴 (강원고생대 국가지질공원),12,32,14,A01,A0101,A01011900,128.9418875782,37.2089321328,강원특별자치도 태백시 태백로 283-29,51,190
3453166,원주교육문화관 독도체험관,12,32,9,A02,A0203,A02030400,127.9349487863,37.3517077217,강원특별자치도 원주시 북원로 2312 (단계동),51,130
129454,동명항,12,32,5,A01,A0101,A01011400,128.5998181770,38.2114151114,강원특별자치도 속초시 영금정로 50,51,210
2711056,동해약천온천실버타운,12,32,3,A02,A0202,A02020300,129.0669812828,37.5942068674,강원특별자치도 동해시 석두골길 145,51,170
128780,서상리삼층석탑,12,32,13,A02,A0205,A02050200,127.6995831767,37.9461649460,강원특별자치도 춘천시 서면 서상리,51,110
127303,목우산,12,32,8,A01,A0101,A01010400,128.6939007994,37.1370078636,강원특별자치도 영월군 산솔면 응고개길 169-2,51,750
127284,청대산,12,32,5,A01,A0101,A01010400,128.5711855239,38.1839594168,강원특별자치도 속초시 청대로 207,51,210
126842,이효석문화마을,12,32,15,A02,A0201,A02010600,128.3711100072,37.6132523521,강원특별자치도 평창군 봉평면 원길리,51,760
125597,두타산,12,32,4,A01,A0101,A01010400,129.0218137134,37.3936041065,강원특별자치도 삼척시 하장면 두타로,51,230
125710,임원해변,12,32,4,A01,A0101,A01011200,129.3408348715,37.2231104837,강원특별자치도 삼척시 원덕읍 임원리,51,230
125682,북분리해수욕장,12,32,7,A01,A0101,A01011200,128.7512587183,37.9854221046,강원특별자치도 양양군 현남면 동해대로 972,51,830
125661,십이선녀탕(탕수동계곡),12,32,10,A01,A0101,A01010900,128.3016072954,38.1826932443,강원특별자치도 인제군 북면 십이선녀탕길 83-1,51,810
125650,둔전계곡,12,32,7,A01,A0101,A01010900,128.5506449313,38.1201275561,강원특별자치도 양양군 강현면 둔전리,51,830
1333464,백룡동굴 (강원고생대 국가지질공원),12,32,15,A01,A0101,A01011900,128.5770904015,37.2779144274,강원특별자치도 평창군 미탄면 문희길 63,51,760
125793,만경대,12,32,3,A02,A0201,A02010700,117.9925662504,19.6944274800,강원특별자치도 동해시 공단12로 77 (구호동),51,170
125627,내린천 포트홀 (강원평화지역 국가지질공원),12,32,10,A01,A0101,A01011800,128.2965060925,37.9653962072,강원특별자치도 인제군 기린면 북리,51,810
3042177,영월드초콜릿체험관,12,32,8,A02,A0204,A02040600,128.5366956453,37.1297112692,강원특별자치도 영월군 김삿갓면 영월동로 1131-32,51,750
2775497,순포해변,12,32,1,A01,A0101,A01011200,128.8902985428,37.8193190673,강원특별자치도 강릉시 사천면 해안로 722,51,150
1799724,속초스파랜드,12,32,5,A02,A0202,A02020400,128.5746011552,38.2071873354,강원특별자치도 속초시 미시령로3359번길 20,51,210
128963,삼척 척주동해비 및 평수토찬비,12,32,4,A02,A0205,A02050200,129.1843395402,37.4357135403,강원특별자치도 삼척시 허목길 13-9 (정상동),51,230
3428263,한반도습지 생태문화시설,12,32,8,A02,A0203,A02030400,128.3371827859,37.2306264413,강원특별자치도 영월군 한반도면 안새내길 63-40,51,750
126693,지암계곡,12,32,13,A01,A0101,A01010900,127.6026799750,37.9773400657,강원특별자치도 춘천시 사북면 지암리,51,110
125797,삼척향교,12,32,4,A02,A0201,A02010700,129.1675489311,37.4501809896,강원특별자치도 삼척시 향교길 34,51,230
776735,삼운사(춘천),12,32,13,A02,A0201,A02010800,127.7417393913,37.8882669154,강원특별자치도 춘천시 후석로441번길 12,51,110
126788,문암2리해변,12,32,2,A01,A0101,A01011200,128.5494339747,38.2967736331,강원특별자치도 고성군 죽왕면 문암진리,51,820
128966,해가사의 터,12,32,4,A02,A0201,A02010700,129.1628569684,37.4734365536,강원특별자치도 삼척시 수로부인길 401 (증산동),51,230
128068,치악산자연휴양림,12,32,9,A01,A0101,A01010600,128.0312984496,37.2558594690,강원특별자치도 원주시 판부면 휴양림길 66,51,130
128661,화암동굴 (강원고생대 국가지질공원),12,32,11,A01,A0101,A01011900,128.7905635121,37.3508184512,강원특별자치도 정선군 화암면 화암동굴길 12,51,770
2568531,화천 산타클로스우체국 대한민국 본점,12,32,17,A02,A0205,A02050600,127.7060805521,38.1071796360,강원특별자치도 화천군 화천읍 산수화로 10,51,790
125763,황산사(원주),12,32,9,A02,A0201,A02010800,127.8651016389,37.1831703278,강원특별자치도 원주시 귀래면 미륵산길 202,51,130
3428601,봄내길 7코스(북한강 물새길),12,32,13,A01,A0101,A01010500,127.6326681288,37.8158566418,강원특별자치도 춘천시 남산면 강촌로 34,51,110
2776835,삼척미로정원,12,32,4,A01,A0101,A01010700,129.0707077890,37.4441270181,강원특별자치도 삼척시 미로면 동안로 540,51,230
1955972,용산서원(동해),12,32,3,A02,A0201,A02010700,129.0986816725,37.4893195804,강원특별자치도 동해시 효자로 583,51,170
3041101,대포항 원조튀김골목,12,32,5,A02,A0203,A02030600,128.6057410427,38.1735918509,강원특별자치도 속초시 대포항희망길 55 (대포동),51,210
252567,죽도정·죽도 전망대,12,32,7,A01,A0101,A01011100,128.7635358133,37.9716711612,강원특별자치도 양양군 현남면 인구리 1-1,51,830
2702823,정암해수욕장,12,32,7,A01,A0101,A01011200,128.6158245382,38.1390571755,강원특별자치도 양양군 강현면 정암리,51,830
128785,윤희순의사 동상,12,32,13,A02,A0205,A02050400,127.7072596424,37.8732541302,강원특별자치도 춘천시 수변공원길 18 (삼천동),51,110
127903,미시령계곡,12,32,10,A01,A0101,A01010900,128.4067243605,38.2197576180,강원특별자치도 인제군 북면 용대리,51,810
129594,하조대 무인등대,12,32,7,A01,A0101,A01011600,128.7348757570,38.0211093097,강원특별자치도 양양군 현북면 조준길 99,51,830
127481,칠봉유원지,12,32,9,A02,A0202,A02020700,127.8859505952,37.4413186738,강원특별자치도 원주시 호저면 산현리,51,130
2915995,양양송이조각공원,12,32,7,A02,A0202,A02020700,128.6296582726,38.0858969583,강원특별자치도 양양군 양양읍 동해대로 2708,51,830
252558,원주 영원산성,12,32,9,A02,A0201,A02010200,128.0383712173,37.3105144045,강원특별자치도 원주시 판부면 금대리,51,130
252556,보문사(원주),12,32,9,A02,A0201,A02010800,128.0268160352,37.3333643288,강원특별자치도 원주시 고문골길 270,51,130
125720,죽도해수욕장,12,32,7,A01,A0101,A01011200,128.7595861490,37.9723515608,강원특별자치도 양양군 현남면 인구중앙길,51,830
2725123,운기석9020(운기석9020협동조합),12,32,11,A02,A0203,A02030400,128.6626824233,37.3805653471,강원특별자치도 정선군 정선읍 봉양5길 36,51,770
125767,백담사,12,32,10,A02,A0201,A02010800,128.3743984363,38.1651744628,강원특별자치도 인제군 백담로 746 백담사,51,810
127528,홍련암,12,32,7,A02,A0201,A02010800,128.6297986561,38.1266811086,강원특별자치도 양양군 낙산사로 98-19 홍련암,51,830
250295,민충사,12,32,8,A02,A0201,A02010700,128.4784575488,37.1855093039,강원특별자치도 영월군 영월읍 금강공원길 136,51,750
925616,송지호관망타워,12,32,2,A02,A0205,A02050600,128.5173717748,38.3359906599,강원특별자치도 고성군 죽왕면 동해대로 6021,51,820
2388953,애견전용해수욕장 멍비치,12,32,7,A01,A0101,A01011200,128.7728272095,37.9533540227,강원특별자치도 양양군 현남면 광진리,51,830
3041338,닭전 골목,12,32,5,A02,A0203,A02030600,128.5902164853,38.2045712769,강원특별자치도 속초시 중앙로147번길 16 (중앙동),51,210
2773843,오로라파크,12,32,14,A02,A0202,A02020600,129.0385133447,37.1736324984,강원특별자치도 태백시 통리길 72,51,190
2465230,의암수력발전소,12,32,13,A02,A0204,A02040800,117.9925662504,19.6944274800,강원특별자치도 춘천시 신동면 옛경춘로 62-11,51,110
2465233,춘천수력발전소,12,32,13,A02,A0204,A02040400,127.6801188634,37.8329027626,강원특별자치도 춘천시 신동면 옛경춘로 62-15,51,110
2041021,인제 하늘여울소치마을,12,32,10,A02,A0203,A02030100,128.1303991324,37.9594770624,강원특별자치도 인제군 남면 부평정자로 744,51,810
127749,보광사(속초),12,32,5,A02,A0201,A02010800,128.5850361257,38.2133645974,강원특별자치도 속초시 영랑호반길 69-2,51,210
125801,파로호(화천),12,32,17,A01,A0101,A01011700,127.7779270055,38.0993652277,강원특별자치도 화천군 간동면 배터길 36-8,51,790
1919999,홍천 무궁화마을,12,32,16,A02,A0203,A02030100,127.6009049054,37.7024109046,강원특별자치도 홍천군 밤벌길 126,51,720
802670,홍천 살둔마을,12,32,16,A02,A0203,A02030100,128.3765056361,37.8335102714,강원특별자치도 홍천군 내면 내린천로 638,51,720
125784,영월 정양산성(왕검성),12,32,8,A02,A0201,A02010200,128.4995760842,37.1522052020,강원특별자치도 영월군 영월읍 중앙로 628,51,750
2939639,유현문화관광지,12,32,18,A02,A0203,A02030400,127.8199400621,37.5307182100,강원특별자치도 횡성군 서원면 경강로유현1길 50,51,730
129000,추암 촛대바위,12,32,3,A01,A0102,A01020200,129.1602292408,37.4794524764,강원특별자치도 동해시 추암동,51,170
126666,천곡황금박쥐동굴,12,32,3,A01,A0101,A01011900,129.1097937008,37.5174026726,강원특별자치도 동해시 동굴로 50,51,170
3041720,간이해변,12,32,5,A01,A0101,A01011200,128.5946244301,38.2041825190,강원특별자치도 속초시 아바이마을1길 86-1 (청호동),51,210
2470392,삼탄아트마인,12,32,11,A02,A0203,A02030400,128.8836435019,37.1851059712,강원특별자치도 정선군 고한읍 함백산로 1445-44,51,770
2931992,금천골 석탄층,12,32,14,A01,A0101,A01010500,128.9969915276,37.0988152834,강원특별자치도 태백시 금천길 93-24,51,190
914428,춘천지구 전적비(춘천지구 전적기념관),12,32,13,A02,A0205,A02050200,127.7049042815,37.8739262304,강원특별자치도 춘천시 수변공원길 45 (삼천동),51,110
732002,승리전망대,12,32,12,A02,A0205,A02050600,127.5261753711,38.2729346924,강원특별자치도 철원군 근남면 영서로 9579,51,780
3041022,쏠비치삼척 오션플레이,12,32,4,A02,A0202,A02020600,129.1641986050,37.4704980295,강원특별자치도 삼척시 수로부인길 453 (갈천동),51,230
3041727,해안야생화공원,12,32,6,A02,A0202,A02020700,128.1217793278,38.2699629550,강원특별자치도 양구군 해안면 펀치볼로 1085,51,800
127739,덕항산,12,32,4,A01,A0101,A01010400,129.0360818354,37.3039230357,강원특별자치도 삼척시 신기면 대기리,51,230
801593,삼척 덕풍계곡마을,12,32,4,A02,A0203,A02030100,129.1560321578,37.1234072063,강원특별자치도 삼척시 가곡면 풍곡안길 17-18,51,230
128604,장호어촌체험마을,12,32,4,A02,A0203,A02030100,129.3182738399,37.2860972550,강원특별자치도 삼척시 근덕면 장호항길 62,51,230
1955964,산양서원,12,32,4,A02,A0201,A02010700,129.2834397351,37.1403549650,강원특별자치도 삼척시 원덕읍 산양서원1길 24,51,230
634243,태백체험공원,12,32,14,A02,A0203,A02030400,128.9723343513,37.1335108268,강원특별자치도 태백시 소도길 9-11,51,190
2610122,구문소마을,12,32,14,A02,A0203,A02030100,129.0380047012,37.0932944861,강원특별자치도 태백시 사군드리길 7,51,190
125641,덕풍계곡,12,32,4,A01,A0101,A01010900,129.1583542077,37.1222684932,강원특별자치도 삼척시 가곡면 덕풍길 44,51,230
2616507,고성 제3기 현무암 (강원평화지역 국가지질공원),12,32,2,A01,A0102,A01020200,128.5059272541,38.2829827284,강원특별자치도 고성군 토성면 뒷골길 60,51,820
2569463,DMZ펀치볼둘레길,12,32,6,A02,A0201,A02011000,128.1442044239,38.2906137518,강원특별자치도 양구군 해안면 해안서화로 23,51,800
1955979,포충사(철원),12,32,12,A02,A0201,A02010700,127.2065839087,38.2243927852,강원특별자치도 철원군 철원읍 금학로425번길 32,51,780
2774505,청정조각공원,12,32,10,A02,A0202,A02020700,128.0592568934,37.9165418164,강원특별자치도 인제군 남면 설악로 10,51,810
126644,간현관광지,12,32,9,A02,A0202,A02020700,127.8340575195,37.3646293574,강원특별자치도 원주시 소금산길 12,51,130
1954341,동해향교,12,32,3,A02,A0201,A02010700,129.0915307492,37.5401163636,강원특별자치도 동해시 승지로 84-3,51,170
2570364,한국DMZ평화생명동산,12,32,10,A02,A0201,A02011000,128.2082167941,38.2405874812,강원특별자치도 인제군 서화면 금강로 1630,51,810
125754,신흥사(삼척),12,32,4,A02,A0201,A02010800,129.2049772530,37.3234601892,강원특별자치도 삼척시 근덕면 양리길 220,51,230
125729,방아다리약수터,12,32,15,A01,A0101,A01011000,128.5036234087,37.6931706345,강원특별자치도 평창군 진부면 방아다리로 1011-26,51,760
2710587,국립춘천숲체원,12,32,13,A01,A0101,A01010600,127.7707618348,37.9785986109,강원특별자치도 춘천시 신북읍 장본2길 331,51,110
125786,장수대,12,32,10,A02,A0205,A02050600,128.3409251280,38.1189569765,강원특별자치도 인제군 북면 한계리,51,810
127620,이효석 가산공원,12,32,15,A02,A0202,A02020700,128.3750373757,37.6150855487,강원특별자치도 평창군 기풍3길 6,51,760
125665,숙암계곡,12,32,11,A01,A0101,A01010900,128.6125256700,37.4777531761,강원특별자치도 정선군 북평면 숙암리,51,770
127116,원주 법천사지,12,32,9,A02,A0201,A02010700,127.7647794384,37.2070629445,강원특별자치도 원주시 부론면 법천리 산66,51,130
125787,강릉향교,12,32,1,A02,A0201,A02010700,128.8952470467,37.7635561721,강원특별자치도 강릉시 명륜로 29,51,150
2939003,영월애살으리랏다,12,32,8,A02,A0203,A02030400,128.3556835189,37.2436141822,강원특별자치도 영월군 서강로 1082,51,750
2925502,리고엠,12,32,1,A02,A0203,A02030400,128.8770014492,37.7641862993,강원특별자치도 강릉시 솔올로5번길 51,51,150
2891338,동강리버버깅,12,32,8,A02,A0203,A02030400,128.5385930905,37.1164128337,강원특별자치도 영월군 김삿갓면 강변로 1462-17,51,750
2820893,평창사랑,12,32,15,A02,A0203,A02030400,128.4106962308,37.4905339600,강원특별자치도 평창군 대화면 상안미옛길 164-141,51,760
2820184,감성공작소,12,32,4,A02,A0203,A02030400,129.1631079016,37.4423790237,강원특별자치도 삼척시 대학로 13-1 (당저동),51,230
2798360,고랭지만두마을,12,32,15,A02,A0203,A02030100,128.6919648396,37.6903218100,강원특별자치도 평창군 대관령면 갈골길 33-5,51,760
2789885,명월리산촌생태마을,12,32,13,A02,A0203,A02030100,127.6370130548,37.8802464537,강원특별자치도 춘천시 서면 명월길 410,51,110
2736542,차맛체험관,12,32,9,A02,A0203,A02030300,127.8933020415,37.3690188371,강원특별자치도 원주시 지정면 상차면길 10-1,51,130
2725128,오대산힐링빌리지,12,32,15,A02,A0203,A02030400,128.5175413370,37.6100860694,강원특별자치도 평창군 진부면 능골길 52-77,51,760
2717292,카페 방림별곡,12,32,15,A02,A0203,A02030400,128.3946856968,37.4264993838,강원특별자치도 평창군 방림면 서동로 1339,51,760
2711047,봉정연꽃마을,12,32,3,A02,A0203,A02030100,129.1244743033,37.4731441701,강원특별자치도 동해시 봉정1길 19-7,51,170
2384828,원주 학곡마을,12,32,9,A02,A0203,A02030100,128.0574102331,37.4370418109,강원특별자치도 원주시 소초면 구룡사로 7,51,130
129305,고라데이마을,12,32,18,A02,A0203,A02030100,128.1396326366,37.6488466228,강원특별자치도 횡성군 청일면 봉명로 375-1,51,730
128341,배두둑호박넝쿨마을,12,32,15,A02,A0203,A02030100,128.4026891251,37.4736107626,강원특별자치도 평창군 대화면 선애길 90,51,760
2776990,오색 치마폭포,12,32,7,A01,A0101,A01010800,128.4496246907,38.0831549021,강원특별자치도 양양군 서면 오색리,51,830
2383582,설악산 흘림골,12,32,7,A01,A0101,A01010900,128.4187245737,38.0878565375,강원특별자치도 양양군 서면 오색리,51,830
2712951,명주사부도군,12,32,7,A02,A0201,A02010800,128.6806551378,37.9485750069,강원특별자치도 양양군 현북면 어성전길 93-229,51,830
2609309,정선 양떼목장,12,32,11,A02,A0203,A02030100,128.7014149050,37.3856099525,강원특별자치도 정선군 정선읍 오반동길 470,51,770
129392,정선 가리왕산마을,12,32,11,A02,A0203,A02030100,128.6024069195,37.3925850300,강원특별자치도 정선군 정선읍 벽탄길 9,51,770
125654,순담계곡,12,32,12,A01,A0101,A01010900,127.2976020024,38.1755640602,강원특별자치도 철원군 갈말읍 순담길 143-3,51,780
2002445,홍천 배바위카누마을,12,32,16,A02,A0203,A02030100,127.5852584345,37.7253385074,강원특별자치도 홍천군 서면 마곡길 153-5,51,720
125657,청평사계곡,12,32,13,A01,A0101,A01010900,127.8137800650,37.9810241346,강원특별자치도 춘천시 북산면 오봉산길 810,51,110
250294,자규루 및 관풍헌,12,32,8,A02,A0201,A02010700,128.4705055391,37.1836427012,강원특별자치도 영월군 영월읍 중앙로 61,51,750
126894,김삿갓 계곡,12,32,8,A01,A0101,A01010900,128.6085978126,37.1205109135,강원특별자치도 영월군 김삿갓면 와석리,51,750
125667,미천골계곡,12,32,7,A01,A0101,A01010900,128.5168416407,37.9663475514,강원특별자치도 양양군 서면 구룡령로,51,830
1932003,외옹치해변,12,32,5,A01,A0101,A01011200,128.6076711543,38.1822047750,강원특별자치도 속초시 해오름로 83 (대포동),51,210
2774730,천년학 힐링타운,12,32,4,A01,A0101,A01010500,129.2968301742,37.1414856522,강원특별자치도 삼척시 원덕읍 사곡길 43-127,51,230
3042140,양양남대천체육공원,12,32,7,A02,A0202,A02020700,128.6261256149,38.0744565530,강원특별자치도 양양군 양양읍 연창리,51,830
3041483,영금정갯바위,12,32,5,A01,A0101,A01010500,128.6011596682,38.2131260499,강원특별자치도 속초시 영랑해안길 18 (동명동),51,210
3041402,설악산책,12,32,5,A02,A0202,A02020200,128.5351355615,38.1987042227,강원특별자치도 속초시 관광로 439 (노학동),51,210
2753128,르꼬따쥬,12,32,1,A02,A0203,A02030400,128.8643296445,37.7875861221,강원특별자치도 강릉시 한밭골길 50-11,51,150
688257,국립 백운산자연휴양림(원주),12,32,9,A01,A0101,A01010600,127.9421225302,37.2772136803,강원특별자치도 원주시 판부면 백운산길 81,51,130
128754,법흥계곡,12,32,8,A01,A0101,A01010900,128.2591872834,37.3159345825,강원특별자치도 영월군 수주면,51,750
128174,국립 복주산자연휴양림,12,32,12,A01,A0101,A01010600,127.4732201929,38.1437543593,강원특별자치도 철원군 근남면 하오재로 818,51,780
125719,작은후진해수욕장,12,32,4,A01,A0101,A01011200,129.1758977619,37.4638879088,강원특별자치도 삼척시 새천년도로 467,51,230
125645,관음사·국형사계곡,12,32,9,A01,A0101,A01010900,128.0141255047,37.3336557250,강원특별자치도 원주시 고문골길 169 (행구동),51,130
125643,천은사계곡(원주),12,32,9,A01,A0101,A01010900,127.9022747053,37.2302989116,강원특별자치도 원주시 귀래면 귀래리,51,130
2710610,하중도수변생태공원,12,32,13,A01,A0101,A01010500,127.6899693958,37.8784698682,강원특별자치도 춘천시 하중도 650-2,51,110
2570295,거례리 수목공원&반지교,12,32,17,A02,A0202,A02020700,127.6897357562,38.0760051882,강원특별자치도 화천군 하남면 거례리 514-1,51,790
2511677,정감이마을,12,32,1,A02,A0203,A02030100,128.9558541452,37.7168821954,강원특별자치도 강릉시 강동면 둔지길 81,51,150
647272,용소폭포(연하계곡),12,32,8,A01,A0101,A01010800,128.5672244618,37.1898493765,강원특별자치도 영월군 영월읍 연하리,51,750
128097,화악산,12,32,17,A01,A0101,A01010400,127.5221435572,38.0482386379,강원특별자치도 화천군 사내면 삼일리,51,790
125791,송담서원(강릉),12,32,1,A02,A0201,A02010700,128.9292100595,37.6929622184,강원특별자치도 강릉시 강동면 송담서원길 27-7,51,150
125776,구미정,12,32,11,A02,A0201,A02010700,128.8263954774,37.4732355895,강원특별자치도 정선군 임계면 봉산리,51,770
125726,인제 미산리 개인약수,12,32,10,A01,A0101,A01011000,128.3703329030,37.8686699628,강원특별자치도 인제군 상남면 개인약수길 546,51,810
125644,용수골계곡,12,32,9,A01,A0101,A01010900,127.9420197173,37.2787523899,강원특별자치도 원주시 판부면 서곡리,51,130
3040955,동명항오징어난전,12,32,5,A02,A0203,A02030600,128.5943437071,38.2103706819,강원특별자치도 속초시 설악금강대교로 228 (동명동),51,210
3037190,남노일강변유원지,12,32,16,A01,A0101,A01011800,127.7607216628,37.6779861466,강원특별자치도 홍천군 남면 남노일리,51,720
3036538,아우라지선착장,12,32,11,A02,A0202,A02020800,128.7258877667,37.4755861584,강원특별자치도 정선군 여량면 아우라지길 78,51,770
128724,오봉서원,12,32,1,A02,A0201,A02010700,128.8194360565,37.7108663466,강원특별자치도 강릉시 성산면 오봉서원길 28-7,51,150
126895,부연동마을,12,32,1,A02,A0203,A02030100,128.6318759309,37.8677834315,강원특별자치도 강릉시 연곡면 삼산리 1298,51,150
125769,강릉 굴산사지,12,32,1,A02,A0201,A02010700,128.8918046506,37.7072681694,강원특별자치도 강릉시 구정면 학산리,51,150
125734,홍천 무궁화공원,12,32,16,A02,A0202,A02020700,127.8719475656,37.6819627582,강원특별자치도 홍천군 홍천읍 장전평로 18,51,720
125669,구룡폭포(소금강),12,32,1,A01,A0101,A01010800,128.6835093795,37.8026919730,강원특별자치도 강릉시 연곡면 소금강길 500,51,150
125626,용소계곡,12,32,16,A01,A0101,A01010900,128.1294964354,37.8676377174,강원특별자치도 홍천군 내촌면 광암리,51,720
323007,심원사(철원),12,32,12,A02,A0201,A02010800,127.2496012165,38.1630924126,강원특별자치도 철원군 동송읍 상노1길 58,51,780
126643,대승령과 대승폭포,12,32,10,A01,A0101,A01010400,128.3415306083,38.1196152453,강원특별자치도 인제군 북면 설악로,51,810
1995974,삼굿마을(유전리산촌생태마을),12,32,8,A02,A0203,A02030100,128.7049132590,37.1519146937,강원특별자치도 영월군 중동면 유전길 115,51,750
125753,천은사(삼척),12,32,4,A02,A0201,A02010800,129.0423936468,37.4445347532,강원특별자치도 삼척시 미로면 동안로 816,51,230
125610,팔봉산(홍천),12,32,16,A01,A0101,A01010400,127.6951740981,37.7030736841,강원특별자치도 홍천군 서면 한치골길 1124,51,720
2710730,효석문학의숲,12,32,15,A02,A0202,A02020600,128.3576920694,37.6034282339,강원특별자치도 평창군 봉평면 문학숲길 97,51,760
125651,공수전계곡,12,32,7,A01,A0101,A01010900,128.5611022078,38.0340155463,강원특별자치도 양양군 서면 공수전리,51,830
128373,화천 토고미마을,12,32,17,A02,A0203,A02030100,127.6770184914,38.1347453208,강원특별자치도 화천군 상서면 토고미길 22-8,51,790
2394825,화천 산약초 마을,12,32,17,A02,A0203,A02030100,127.6042632575,38.1605548367,강원특별자치도 화천군 상서면 갈목길 157,51,790
1991092,동강시스타 리조트,12,32,8,A02,A0202,A02020200,128.5187307595,37.2177619104,강원특별자치도 영월군 영월읍 사지막길 160,51,750
125770,금강사(강릉),12,32,1,A02,A0201,A02010800,128.6909752621,37.8062833683,강원특별자치도 강릉시 연곡면 소금강길 670,51,150
127770,허브나라농원,12,32,15,A02,A0204,A02040800,128.3411258270,37.6390821263,강원특별자치도 평창군 봉평면 흥정계곡길 225,51,760
2789822,창안산산림욕장,12,32,17,A01,A0101,A01010600,127.5269452127,38.0712638185,강원특별자치도 화천군 사내면 사창리 산52,51,790
2616530,양의대 하천습지 (강원평화지역 국가지질공원),12,32,17,A01,A0101,A01011800,127.8032004706,38.2576666735,강원특별자치도 화천군 화천읍 풍산리,51,790
125599,용화산 (강원평화지역 국가지질공원),12,32,17,A01,A0101,A01010400,127.7437760990,38.0482927641,강원특별자치도 화천군 하남면 삼화리,51,790
3485602,근화수변 문화광장숲,12,32,13,A02,A0202,A02020700,127.6953300110,37.8787449354,강원특별자치도 춘천시 하중도길 227 (중도동),51,110
2710984,청정신흥마을,12,32,3,A02,A0201,A02010600,129.0210932573,37.5194784796,강원특별자치도 동해시 서동로 825-1,51,170
2788927,동명동성당,12,32,5,A02,A0201,A02010900,128.5958129203,38.2135064568,강원특별자치도 속초시 영랑로7길 10-5,51,210
129560,대금굴 (대이리 동굴지대),12,32,4,A01,A0101,A01011900,129.0205714417,37.3259535342,강원특별자치도 삼척시 신기면 환선로 800,51,230
128377,밤두둑마을,12,32,18,A02,A0203,A02030100,127.9614596944,37.4666727028,강원특별자치도 횡성군 횡성읍 반곡3길 6,51,730
128101,붕어섬&황톳길,12,32,17,A01,A0101,A01011300,127.6970121290,38.1007385507,강원특별자치도 화천군 화천읍 강변로 2-54,51,790
